unitid,institution.name,year,HD2013.City.location.of.institution,HD2013.ZIP.code,HD2013.Longitude.location.of.institution,HD2013.Latitude.location.of.institution,IC2013.Applicants.total,IC2013.Number.of.first.time.degree.certificate.seeking.students.submitting.SAT.scores,IC2013.Percent.of.first.time.degree.certificate.seeking.students.submitting.ACT.scores,DRVIC2013.Percent.admitted...total,DRVIC2013.Percent.admitted...men,DRVIC2013.Percent.admitted...women,DRVIC2013.Admissions.yield...full.time,DRVIC2013.Tuition.and.fees..2013.14,HD2013.State.abbreviation,DRVEF122013.12.month.full.time.equivalent.enrollment..2012.13,state.x,city.x,zipcode,rank,centile,superzip,adultpop,college,income,latitude,longitude
100654,HEALTH POST KAGBANG,2013,river,35762,6.543,9.085,6142,167,88,90,87,91,20,7182,cross_river,4524,cr,river,100654,20,7182,0,4524,90,6142,6.543,9.085
100663,Alhari Clinic,2013,karu,35294-0110,9.007,7.678,5689,103,93,87,88,86,35,7206,nasarawa,16253,na,karu,100663,35,7206,0,16253,87,5689,9.007,7.678
100690,Primary health centre umukuru okehi,2013,etche,36117-3553,5.130,7.159,NA,NA,NA,NA,NA,NA,NA,6870,rivers,579,ri,etche,100690,NA,6870,NA,579,NA,NA,5.130,7.159
100706,PHC EHOM CENTRAL,2013,river,35899,5.463,8.146,2054,118,94,81,82,78,39,9192,cross_river,6080,cr,river,100706,39,9192,0,6080,81,2054,5.463,8.146
100724,Health post,2013,river,36104-0271,5.504,8.025,10245,269,87,51,48,53,27,8720,cross_river,5571,cr,river,100724,27,8720,0,5571,51,10245,5.504,8.025
100751,Tula Medical Centre,2013,ekeremor,35487-0166,5.076,5.872,30975,1469,76,57,56,57,37,9450,bayelsa,31723,by,ekeremor,100751,37,9450,0,31723,57,30975,5.076,5.872
100812,HEALTH POST OKIRO,2013,river,35611,6.448,9.049,NA,NA,NA,NA,NA,NA,NA,NA,cross_river,2771,cr,river,100812,NA,NA,NA,2771,NA,NA,6.448,9.049
100830,Westend Hospital,2013,warri,36117-3596,5.546,5.761,1958,0,54,84,86,83,32,8750,delta,4092,de,warri,100830,32,8750,0,4092,84,1958,5.546,5.761
100858,Lily Hospitals Ltd,2013,warri,36849,5.526,5.765,15745,617,83,83,83,83,28,9852,delta,23815,de,warri,100858,28,9852,0,23815,83,15745,5.526,5.765
100937,Muazu Ahmed H/C Ishame,2013,lere,35254,10.285,8.594,1931,113,82,64,68,61,29,30690,kaduna,1331,kd,lere,100937,29,30690,0,1331,64,1931,10.285,8.594
101073,Health Clinic,2013,lere,36701,10.227,8.645,NA,NA,NA,NA,NA,NA,NA,8090,kaduna,515,kd,lere,101073,NA,8090,NA,515,NA,NA,10.227,8.645
101189,Uche Chukwu maternity,2013,oyigbo,36109-3378,4.871,7.143,NA,NA,NA,NA,NA,NA,NA,18230,rivers,3279,ri,oyigbo,101189,NA,18230,NA,3279,NA,NA,4.871,7.143
101435,Lafia medical clinic,2013,oyigbo,36106-2148,4.861,7.153,1470,43,93,63,61,65,28,23500,rivers,1078,ri,oyigbo,101435,28,23500,0,1078,63,1470,4.861,7.153
101453,NA,2013,bichi,35630-9977,12.347,8.150,NA,NA,NA,NA,NA,NA,NA,9792,kano,53,ka,bichi,101453,NA,9792,NA,53,NA,NA,12.347,8.150
101480,Dalal Clinic,2013,gwarzo,36265,11.835,7.950,3083,203,89,83,83,83,44,7092,kano,7566,ka,gwarzo,101480,44,7092,0,7566,83,3083,11.835,7.950
101541,RUGAR JABE DISPENSARY,2013,bindawa,36756,12.674,7.889,268,7,94,74,NA,74,34,15630,katsina,343,kt,bindawa,101541,34,15630,0,343,74,268,12.674,7.889
101587,BAURE PHC,2013,bindawa,35470,12.772,7.882,462,0,100,100,99,100,81,7660,katsina,3394,kt,bindawa,101587,81,7660,0,3394,100,462,12.772,7.882
101675,Shekewa Dispensary,2013,batsari,35064-2621,12.883,7.193,NA,NA,NA,NA,NA,NA,NA,11454,katsina,1681,kt,batsari,101675,NA,11454,NA,1681,NA,NA,12.883,7.193
101693,Maternity Health Clinic,2013,gashaka,36613-2842,7.712,11.480,866,33,87,71,75,69,42,18690,taraba,1434,ta,gashaka,101693,42,18690,0,1434,71,866,7.712,11.480
101709,LAWILTU DISPENSARY,2013,billiri,35115-6000,9.962,11.215,1385,16,96,87,90,86,43,10000,gombe,2826,go,billiri,101709,43,10000,0,2826,87,1385,9.962,11.215
101879,Gabarin HC,2013,darazo,35632-0001,11.115,10.439,2542,32,96,81,81,81,46,7078,bauchi,5886,ba,darazo,101879,46,7078,0,5886,81,2542,11.115,10.439
101912,Dayi dispensary,2013,darazo,35896,10.887,10.358,2728,194,58,34,46,30,44,16234,bauchi,1824,ba,darazo,101912,44,16234,0,1824,34,2728,10.887,10.358
102049,General Hospital Darazo,2013,darazo,35229-2240,10.995,10.409,3447,278,84,77,73,79,28,26328,bauchi,4869,ba,darazo,102049,28,26328,0,4869,77,3447,10.995,10.409
102058,G/Goje Dispensary,2013,batsari,36701,12.853,7.334,NA,NA,NA,NA,NA,NA,NA,5840,katsina,463,kt,batsari,102058,NA,5840,NA,463,NA,NA,12.853,7.334
102094,Cliinic C,2013,,36688-0002,10.228,12.928,4814,158,92,86,84,88,44,6948,Adamawa,13842,Ad,,102094,44,6948,0,13842,86,4814,10.228,12.928
102234,Onyemaechi Maternity,2013,,36608-1791,5.108,7.346,6596,88,92,46,49,45,14,30924,Abia,1293,Ab,,102234,14,30924,0,1293,46,6596,5.108,7.346
102261,St Anthony Hospital LTD,2013,,35224-2083,5.101,7.379,26,0,59,96,100,94,64,11370,Abia,149,Ab,,102261,64,11370,0,149,96,26,5.101,7.379
102270,Umuogele PHC,2013,,35403,5.079,7.377,4121,16,59,43,40,45,13,15901,Abia,940,Ab,,102270,13,15901,0,940,43,4121,5.079,7.377
102298,Marc Rose Hospital,2013,,35160,5.088,7.378,NA,NA,NA,NA,NA,NA,NA,11492,Abia,542,Ab,,102298,NA,11492,NA,542,NA,NA,5.088,7.378
102368,St Michael Medical Centre,2013,kosofe,36082-0001,6.600,3.400,5946,146,38,68,66,70,36,7276,lagos,16173,la,kosofe,102368,36,7276,0,16173,68,5946,6.600,3.400
102377,ROJAFIA CLINIC,2013,kosofe,36088-1920,6.593,3.398,10022,277,75,35,34,36,18,18900,lagos,3085,la,kosofe,102377,18,18900,0,3085,35,10022,6.593,3.398
102395,Inland Specialist,2013,kosofe,36526-7055,6.586,3.398,NA,NA,NA,NA,NA,NA,NA,NA,lagos,346,la,kosofe,102395,NA,NA,NA,346,NA,NA,6.586,3.398
102553,St Anthony Clinic,2013,kosofe,99508,6.597,3.388,NA,NA,NA,NA,NA,NA,NA,5147,lagos,12483,la,kosofe,102553,NA,5147,NA,12483,NA,NA,6.597,3.388
102580,PHC BaÃ¢Â€Â˜al,2013,qua,99645,8.925,9.251,NA,NA,NA,NA,NA,NA,NA,9200,plateau,28,pl,qua,102580,NA,9200,NA,28,NA,NA,8.925,9.251
102614,PHC Ajaruwa-Eke,2013,dekina,99775-7500,7.623,7.112,NA,NA,NA,NA,NA,NA,NA,4984,kogi,6397,ko,dekina,102614,NA,4984,NA,6397,NA,NA,7.623,7.112
102632,MPHC,2013,buruku,99801-8697,7.297,9.209,NA,NA,NA,NA,NA,NA,NA,5693,benue,1935,be,buruku,102632,NA,5693,NA,1935,NA,NA,7.297,9.209
102669,Oguntoye Houspital,2013,ado,99508,7.619,5.206,494,23,26,37,44,34,17,29810,ekiti,532,ek,ado,102669,17,29810,0,532,37,494,7.619,5.206
103778,Umuebulu Health Centre,2013,etche,85306-6000,4.915,7.129,NA,NA,NA,NA,NA,NA,NA,NA,rivers,963,ri,etche,103778,NA,NA,NA,963,NA,NA,4.915,7.129
103787,Ward Model Primary Health Centre Igwuruta,2013,ikwerre,85021,4.976,7.022,NA,NA,NA,NA,NA,NA,NA,12000,rivers,66,ri,ikwerre,103787,NA,12000,NA,66,NA,NA,4.976,7.022
103945,Health post,2013,abua,86004,4.806,6.483,NA,NA,NA,NA,NA,NA,NA,17211,rivers,401,ri,abua,103945,NA,17211,NA,401,NA,NA,4.806,6.483
104151,Hagi Medical Centre,2013,ikwerre,85287,4.961,7.022,21770,4609,51,80,79,82,41,9861,rivers,46649,ri,ikwerre,104151,41,9861,0,46649,80,21770,4.961,7.022
104179,Rivon Clinic,2013,obio,85721-0066,4.841,7.034,26329,4902,52,77,75,79,34,10391,rivers,38301,ri,obio,104179,34,10391,0,38301,77,26329,4.841,7.034
104586,Modern primary health center Ibaa.,2013,emuoha,86301-3720,4.984,6.820,1689,316,53,79,78,82,33,31034,rivers,1705,ri,emuoha,104586,33,31034,0,1705,79,1689,4.984,6.820
104665,Health post,2013,abua,85261-4430,4.885,6.453,NA,NA,NA,NA,NA,NA,NA,NA,rivers,30,ri,abua,104665,NA,NA,NA,30,NA,NA,4.885,6.453
105297,Health post,2013,abua,86556,4.799,6.516,NA,NA,NA,NA,NA,NA,NA,805,rivers,1357,ri,abua,105297,NA,805,NA,1357,NA,NA,4.799,6.516
105330,Tausayi Clinic & Maternity,2013,jos,86011-4132,9.789,8.860,33989,3076,50,91,89,93,14,9738,plateau,25767,pl,jos,105330,14,9738,0,25767,91,33989,9.789,8.860
105367,Health post,2013,abua,85021,4.823,6.513,NA,NA,NA,NA,NA,NA,NA,NA,rivers,821,ri,abua,105367,NA,NA,NA,821,NA,NA,4.823,6.513
105589,Maggol Clinic,2013,yenagoa,86301,4.930,6.270,399,34,21,73,70,74,17,29732,bayelsa,1033,by,yenagoa,105589,17,29732,0,1033,73,399,4.930,6.270
105899,Community Health Centre Ogu,2013,yenagoa,85032-7097,4.899,6.265,344,35,57,61,59,63,43,21832,bayelsa,526,by,yenagoa,105899,43,21832,0,526,61,344,4.899,6.265
106245,Primary health care centre Akaba,2013,yenagoa,72204,4.907,6.262,1443,19,82,53,52,54,83,7094,bayelsa,9730,by,yenagoa,106245,83,7094,0,9730,53,1443,4.907,6.262
106263,Model PHC,2013,obio,72205-7199,4.850,6.991,NA,NA,NA,NA,NA,NA,NA,NA,rivers,2478,ri,obio,106263,NA,NA,NA,2478,NA,NA,4.850,6.991
106306,Obio Cottage Hospital,2013,obio,72202-6068,4.834,7.034,NA,NA,NA,NA,NA,NA,NA,8040,rivers,877,ri,obio,106306,NA,8040,NA,877,NA,NA,4.834,7.034
106342,Yakamata Clinic,2013,qua,72501,8.613,9.287,1309,15,95,59,65,56,23,23594,plateau,559,pl,qua,106342,23,23594,0,559,59,1309,8.613,9.287
106397,U.S.T. Med.Centre,2013,port,72701,4.795,6.977,18908,1172,91,59,58,59,39,7818,rivers,22641,ri,port,106397,39,7818,0,22641,59,18908,4.795,6.977
106412,Terzungwe Clinic,2013,buruku,71601,7.502,9.073,4094,34,94,28,29,27,49,5938,benue,2558,be,buruku,106412,49,5938,0,2558,28,4094,7.502,9.073
106458,Social Clinic and Maternity,2013,buruku,72401,7.244,9.199,4838,22,95,76,75,76,43,7510,benue,12454,be,buruku,106458,43,7510,0,12454,76,4838,7.244,9.199
106467,St. Luke's Hospital,2013,orlu,72801-2222,5.785,7.032,3847,26,84,85,85,85,51,5598,imo,9038,im,orlu,106467,51,5598,0,9038,85,3847,5.785,7.032
106485,Mayfair Hospital Ibuzor Ihioma,2013,orlu,71656,5.806,7.012,NA,NA,NA,NA,NA,NA,NA,5793,imo,3130,im,orlu,106485,NA,5793,NA,3130,NA,NA,5.806,7.012
106704,Ihioma Health Center (new and unstaffed),2013,orlu,72035-0001,5.809,6.996,3659,0,97,90,88,91,65,7595,imo,10231,im,orlu,106704,65,7595,0,10231,90,3659,5.809,6.996
106713,Usoma Hospital and Maternity,2013,orlu,72034,5.772,6.992,540,4,85,54,54,54,41,13350,imo,742,im,orlu,106713,41,13350,0,742,54,540,5.772,6.992
106810,PRIMARY HEALTH CARE CENTRE OBOGORO,2013,yenagoa,72450,4.919,6.255,NA,NA,NA,NA,NA,NA,NA,10900,bayelsa,147,by,yenagoa,106810,NA,10900,NA,147,NA,NA,4.919,6.255
107044,Umuakagu Health Centre,2013,ehime,72143,5.637,7.316,2180,300,87,76,78,75,62,16170,imo,5595,im,ehime,107044,62,16170,0,5595,76,2180,5.637,7.316
107071,Living water medical center,2013,oyigbo,71999-0001,4.857,7.161,3350,24,94,62,61,63,34,7580,rivers,3528,ri,oyigbo,107071,34,7580,0,3528,62,3350,4.857,7.161
107080,OPOROMA PHC,2013,southern,72032-3080,4.814,6.081,1928,198,82,80,77,84,28,37816,bayelsa,1457,by,southern,107080,28,37816,0,1457,80,1928,4.814,6.081
107141,Obololi Health Post,2013,southern,72761,4.825,6.212,1143,92,82,70,74,67,38,22734,bayelsa,2097,by,southern,107141,38,22734,0,2097,70,1143,4.825,6.212
107512,Mandela Klinik,2013,jos,71998-0001,9.726,8.798,1740,73,91,70,71,70,32,22370,plateau,1536,pl,jos,107512,32,22370,0,1536,70,1740,9.726,8.798
107558,PHC Giring,2013,jos,72830,9.880,8.887,1061,25,85,61,62,61,24,24350,plateau,598,pl,jos,107558,24,24350,0,598,61,1061,9.880,8.887
107600,PHC Vom Vet,2013,jos,72202-3799,9.729,8.791,NA,NA,NA,NA,NA,NA,NA,12564,plateau,624,pl,jos,107600,NA,12564,NA,624,NA,NA,9.729,8.791
107877,PHC Kuru,2013,jos,72476,9.721,8.843,531,9,94,68,66,70,43,13750,plateau,516,pl,jos,107877,43,13750,0,516,68,531,9.721,8.843
107983,Divine Wisdom hospital,2013,oyigbo,71753,4.876,7.123,2720,40,94,61,63,60,40,7466,rivers,3005,ri,oyigbo,107983,40,7466,0,3005,61,2720,4.876,7.123
108092,GodÃ¢Â€Â˜s care maternity,2013,oyigbo,72913-3649,4.851,7.195,3905,29,82,57,57,58,56,4528,rivers,6103,ri,oyigbo,108092,56,4528,0,6103,57,3905,4.851,7.195
108269,Christ the king hospital,2013,oyigbo,94612,4.872,7.130,NA,NA,NA,NA,NA,NA,NA,NA,rivers,141,ri,oyigbo,108269,NA,NA,NA,141,NA,NA,4.872,7.130
108861,Ave Maria clinic,2013,oyigbo,94704-3029,4.857,7.166,NA,NA,NA,NA,NA,NA,NA,NA,rivers,43,ri,oyigbo,108861,NA,NA,NA,43,NA,NA,4.857,7.166
108870,Amarachukwu marternity,2013,oyigbo,90027-1625,4.848,7.224,NA,NA,NA,NA,NA,NA,NA,NA,rivers,376,ri,oyigbo,108870,NA,NA,NA,376,NA,NA,4.848,7.224
109086,Tadam medical centre,2013,jos,94108-5834,9.877,8.873,NA,NA,NA,NA,NA,NA,NA,NA,plateau,52,pl,jos,109086,NA,NA,NA,52,NA,NA,9.877,8.873
109651,Sauki Clinic Kurgwi,2013,qua,91103,8.788,9.298,480,NA,NA,82,71,89,42,36480,plateau,2346,pl,qua,109651,42,36480,0,2346,82,480,8.788,9.298
109785,(Terngu) Atih Clinic and Maternity,2013,buruku,91702-7000,7.463,9.141,5329,1076,42,80,81,79,29,32256,benue,9677,be,buruku,109785,29,32256,0,9677,80,5329,7.463,9.141
110060,PHC Kwalla,2013,qua,92801,8.912,9.286,131,NA,NA,83,83,84,71,7620,plateau,310,pl,qua,110060,71,7620,0,310,83,131,8.912,9.286
110097,Gbor Clinic and Maternity,2013,buruku,90639-0001,7.249,9.201,4816,764,40,73,69,75,26,32142,benue,5325,be,buruku,110097,26,32142,0,5325,73,4816,7.249,9.201
110307,Dura Clinic and Maternity,2013,buruku,91311,7.119,9.267,NA,NA,NA,NA,NA,NA,NA,NA,benue,276,be,buruku,110307,NA,NA,NA,276,NA,NA,7.119,9.267
110316,Cojaz clinic and Maternity,2013,buruku,94103,7.245,9.204,NA,NA,NA,NA,NA,NA,NA,NA,benue,1195,be,buruku,110316,NA,NA,NA,1195,NA,NA,7.245,9.204
110361,Saakpor. Clinic and Maternity,2013,buruku,92504-3297,7.247,9.205,3853,815,44,79,79,79,32,28122,benue,6085,be,buruku,110361,32,28122,0,6085,79,3853,7.247,9.205
110370,CRCN health post,2013,wukari,94107-2247,7.872,9.774,1405,NA,NA,82,78,83,20,40334,taraba,1887,ta,wukari,110370,20,40334,0,1887,82,1405,7.872,9.774
110398,Our Clinic & Maternity Doemak,2013,qua,94102-4978,8.948,9.242,NA,NA,NA,NA,NA,NA,NA,NA,plateau,1180,pl,qua,110398,NA,NA,NA,1180,NA,NA,8.948,9.242
110404,Nyankwala health centre,2013,wukari,91125,8.095,10.070,5535,220,43,11,8,17,43,41538,taraba,2246,ta,wukari,110404,43,41538,1,2246,11,5535,8.095,10.070
110413,Modern dispensary mahanga,2013,wukari,91360-2787,8.174,10.153,6920,452,42,48,47,49,16,35720,taraba,4201,ta,wukari,110413,16,35720,0,4201,48,6920,8.174,10.153
110422,PHC Kwande,2013,qua,93407,8.717,9.301,36941,3193,62,31,29,34,31,8724,plateau,17345,pl,qua,110422,31,8724,0,17345,31,36941,8.717,9.301
110468,Phc model horop,2013,bokkos,92131-1799,9.134,9.002,128,NA,NA,49,43,54,41,15816,plateau,3217,pl,bokkos,110468,41,15816,0,3217,49,128,9.134,9.002
110486,KYARMANYA DISPENSARY,2013,bindawa,93311-1099,12.699,7.957,6630,1200,24,66,64,68,29,6775,katsina,7564,kt,bindawa,110486,29,6775,0,7564,66,6630,12.699,7.957
110495,TUWARU DISPENSARY,2013,bindawa,95382-0299,12.734,7.902,5763,949,35,72,66,76,26,6491,katsina,7054,kt,bindawa,110495,26,6491,0,7054,72,5763,12.734,7.902
110510,GAIWAR KURMI DISPENSARY,2013,bindawa,92407-2397,12.633,7.898,12239,2313,37,58,56,59,34,6550,katsina,15748,kt,bindawa,110510,34,6550,0,15748,58,12239,12.633,7.898
110529,BARGAI DISPENSARY,2013,bindawa,91768,12.668,7.844,28143,2951,27,52,49,55,21,6350,katsina,18141,kt,bindawa,110529,21,6350,0,18141,52,28143,12.668,7.844
110538,NAHUCE DISPENSARY,2013,bindawa,95929-0150,12.773,7.887,17215,2439,36,72,70,73,22,6972,katsina,14838,kt,bindawa,110538,22,6972,0,14838,72,17215,12.773,7.887
110547,DAKWALE PRIMARY SCHOOL,2013,bindawa,90747-0005,12.789,7.890,14742,976,21,57,53,60,13,6100,katsina,9862,kt,bindawa,110547,13,6100,0,9862,57,14742,12.789,7.890
110556,BUTUNAWA DISPENSARY,2013,bindawa,93740,12.810,7.890,16242,2786,39,58,54,62,32,6287,katsina,18993,kt,bindawa,110556,32,6287,0,18993,58,16242,12.810,7.890
110565,MAZANYA KAMFANI DISPENSARY,2013,bindawa,92831-3599,12.774,7.848,38909,4293,34,46,46,46,25,6186,katsina,28947,kt,bindawa,110565,25,6186,0,28947,46,38909,12.774,7.848
110574,ZAKATA DISPENSARY,2013,bindawa,94542,12.811,7.800,12741,1434,32,69,65,71,18,6550,katsina,12957,kt,bindawa,110574,18,6550,0,12957,69,12741,12.811,7.800
110583,AGALAWA DISPENSARY,2013,bindawa,90840-0115,12.770,7.798,55019,4045,33,31,30,32,24,6240,katsina,28287,kt,bindawa,110583,24,6240,0,28287,31,55019,12.770,7.798
110592,LARABAWA DISPENSARY,2013,bindawa,90032,12.721,7.797,27321,2770,32,68,64,70,15,6344,katsina,17545,kt,bindawa,110592,15,6344,0,17545,68,27321,12.721,7.797
110608,SHIBDAWA PHC,2013,bindawa,91330,12.751,7.823,29339,3759,25,46,45,47,30,6525,katsina,28060,kt,bindawa,110608,30,6525,0,28060,46,29339,12.751,7.823
110617,GIMI DISPENSARY,2013,bindawa,95819-2694,12.722,7.830,19702,2885,34,70,67,71,22,6628,katsina,22234,kt,bindawa,110617,22,6628,0,22234,70,19702,12.722,7.830
110635,KIRYA DISPENSARY,2013,bindawa,94720,12.708,7.814,61717,3795,40,18,17,19,37,12864,katsina,38240,kt,bindawa,110635,37,12864,0,38240,18,61717,12.708,7.814
110644,KUMA DISPENSARY,2013,bindawa,95616-8678,12.677,7.869,49820,4876,45,45,41,48,23,13895,katsina,32172,kt,bindawa,110644,23,13895,0,32172,45,49820,12.677,7.869
110653,YANJALO DISPENSARY,2013,bindawa,92697,12.689,7.866,56515,4848,41,42,40,44,21,13149,katsina,29232,kt,bindawa,110653,21,13149,0,29232,42,56515,12.689,7.866
110662,JIBAWA DISPENSARY,2013,bindawa,90095-1405,12.689,7.853,72676,5166,41,22,21,23,35,12697,katsina,41071,kt,bindawa,110662,35,12697,0,41071,22,72676,12.689,7.853
110671,RUGAR BADE DISPENSARY,2013,bindawa,92521,12.702,7.858,30391,3909,40,62,63,62,21,12960,katsina,20647,kt,bindawa,110671,21,12960,0,20647,62,30391,12.702,7.858
110680,BAÃ¢Â€Â˜AWA DISPENSARY,2013,bindawa,92093,12.654,7.947,60832,4274,39,38,38,37,20,13271,katsina,30027,kt,bindawa,110680,20,13271,0,30027,38,60832,12.654,7.947
110699,DANMARKE DISPENSARY,2013,bindawa,94143-0244,12.613,7.990,NA,NA,NA,NA,NA,NA,NA,NA,katsina,3081,kt,bindawa,110699,NA,NA,NA,3081,NA,NA,12.613,7.990
110705,DAYE DISPENSARY,2013,bindawa,93106,12.613,7.962,55258,4425,47,44,44,45,19,13746,katsina,22806,kt,bindawa,110705,19,13746,0,22806,44,55258,12.613,7.962
110714,RINJIN BAUSHI DISPENSARY,2013,bindawa,95064-1011,12.582,7.971,33137,3539,43,60,55,64,19,13397,katsina,17751,kt,bindawa,110714,19,13397,0,17751,60,33137,12.582,7.971
110778,GWANZA DISPENSARY,2013,bindawa,94303,12.577,7.910,NA,NA,NA,NA,NA,NA,NA,NA,katsina,401,kt,bindawa,110778,NA,NA,NA,401,NA,NA,12.577,7.910
110918,PRIMARY HEALTH CENTRE TAMA,2013,bindawa,93703-3599,12.607,7.913,12,NA,NA,83,83,83,60,8275,katsina,22,kt,bindawa,110918,60,8275,0,22,83,12,12.607,7.913
110945,MAGAMI DISPENSARY,2013,bindawa,92111-1009,12.620,7.868,NA,NA,NA,NA,NA,NA,NA,18480,katsina,1577,kt,bindawa,110945,NA,18480,NA,1577,NA,NA,12.620,7.868
111081,MAKERA DISPENSARY,2013,bindawa,91355-2397,12.654,7.919,1230,NA,NA,30,30,30,47,40536,katsina,1427,kt,bindawa,111081,47,40536,0,1427,30,1230,12.654,7.919
111188,BINDAWA DISPENSARY,2013,bindawa,94590,12.670,7.804,893,171,46,75,77,66,29,6536,katsina,1209,kt,bindawa,111188,29,6536,0,1209,75,893,12.670,7.804
111391,ZANGO DISPENSARY,2013,bindawa,92101-3046,12.646,7.812,NA,NA,NA,NA,NA,NA,NA,NA,katsina,743,kt,bindawa,111391,NA,NA,NA,743,NA,NA,12.646,7.812
111948,TAFASHIYA DISPENSARY,2013,bindawa,92866,12.647,7.799,11750,1007,51,45,45,45,24,43573,katsina,7716,kt,bindawa,111948,24,43573,0,7716,45,11750,12.647,7.799
111966,Mini Health Center,2013,port,90059,4.805,6.990,9,4,0,89,100,86,63,11956,rivers,665,ri,port,111966,63,11956,0,665,89,9,4.805,6.990
112075,General hospital wukari,2013,wukari,92612-3203,7.873,9.767,2055,310,38,91,89,92,20,29630,taraba,3773,ta,wukari,112075,20,29630,0,3773,91,2055,7.873,9.767
112084,Faith maternity clinic,2013,wukari,92019-1157,7.870,9.767,561,67,42,49,46,52,36,25888,taraba,783,ta,wukari,112084,36,25888,0,783,49,561,7.870,9.767
112127,Gindin doruwa MCH center,2013,wukari,94709-1211,8.102,10.068,NA,NA,NA,NA,NA,NA,NA,NA,taraba,57,ta,wukari,112127,NA,NA,NA,57,NA,NA,8.102,10.068
112251,PHC Kinkiso,2013,wukari,91711-6160,7.882,9.795,NA,NA,NA,NA,NA,NA,NA,NA,taraba,1191,ta,wukari,112251,NA,NA,NA,1191,NA,NA,7.882,9.795
112260,Olimar clinic,2013,owerri,91711-6400,5.488,7.038,5518,196,42,12,12,11,52,45625,imo,1313,im,owerri,112260,52,45625,1,1313,12,5518,5.488,7.038
112446,Lavinda Eye Specialist Hospital and Laser Centre,2013,port,92123-1506,4.794,7.043,82,NA,NA,100,100,100,73,20200,rivers,1212,ri,port,112446,73,20200,0,1212,100,82,4.794,7.043
112525,Goje MCH,2013,gashaka,91766-1854,7.379,11.244,NA,NA,NA,NA,NA,NA,NA,NA,taraba,3555,ta,gashaka,112525,NA,NA,NA,3555,NA,NA,7.379,11.244
112570,Alfa Maternity,2013,gashaka,91356-1411,7.509,11.365,250,NA,NA,55,58,51,46,18804,taraba,368,ta,gashaka,112570,46,18804,0,368,55,250,7.509,11.365
113537,Sabon Gari MCH,2013,gashaka,95525-0816,7.504,11.361,3,NA,NA,67,100,50,50,12750,taraba,92,ta,gashaka,113537,50,12750,0,92,67,3,7.504,11.361
113698,CRCN Comprehensive Clinic,2013,gashaka,94901-2298,7.498,11.349,2322,265,38,78,81,76,17,40600,taraba,1928,ta,gashaka,113698,17,40600,0,1928,78,2322,7.498,11.349
113704,Seiyefa Clinic,2013,port,94708-1816,4.755,7.039,NA,NA,NA,NA,NA,NA,NA,NA,rivers,69,ri,port,113704,NA,NA,NA,69,NA,NA,4.755,7.039
114549,ST.PETER CLINIC,2013,ardo,93105-3538,8.891,11.283,NA,NA,NA,NA,NA,NA,NA,NA,taraba,954,ta,ardo,114549,NA,NA,NA,954,NA,NA,8.891,11.283
114734,Ngaebije Dispensary,2013,ardo,94709-1208,8.844,11.009,NA,NA,NA,NA,NA,NA,NA,NA,taraba,31,ta,ardo,114734,NA,NA,NA,31,NA,NA,8.844,11.009
114813,Sunkani Town Clinic,2013,ardo,93702-4709,8.698,11.262,705,208,39,78,77,79,38,25716,taraba,3083,ta,ardo,114813,38,25716,0,3083,78,705,8.698,11.262
114840,Lafiya Clinic,2013,ardo,91182,8.911,11.319,NA,NA,NA,NA,NA,NA,NA,NA,taraba,2308,ta,ardo,114840,NA,NA,NA,2308,NA,NA,8.911,11.319
115083,Comprehensive Health Centre Opokuma South,2013,kolokuma,94105-2968,5.081,6.255,0,NA,NA,NA,NA,NA,NA,14400,bayelsa,2650,by,kolokuma,115083,NA,14400,NA,2650,NA,0,5.081,6.255
115214,"Comprehensive Health Centre, Odi",2013,kolokuma,94709,5.173,6.300,NA,NA,NA,NA,NA,NA,NA,NA,bayelsa,242,by,kolokuma,115214,NA,NA,NA,242,NA,NA,5.173,6.300
115409,"General Hospital, Odi",2013,kolokuma,91711,5.173,6.296,3539,193,41,18,13,32,34,46509,bayelsa,788,by,kolokuma,115409,34,46509,0,788,18,3539,5.173,6.296
115728,Cottage Hospital Ayama,2013,ekeremor,94619-1699,4.977,5.741,561,84,40,57,50,61,27,33020,bayelsa,1167,by,ekeremor,115728,27,33020,0,1167,57,561,4.977,5.741
115755,PHC Ayamassa,2013,ekeremor,95521-8299,5.124,5.918,9978,1148,37,80,78,82,15,7144,bayelsa,7353,by,ekeremor,115755,15,7144,0,7353,80,9978,5.124,5.918
115773,PHC Agge,2013,ekeremor,95207-3896,5.129,5.391,NA,NA,NA,NA,NA,NA,NA,11277,bayelsa,1384,by,ekeremor,115773,NA,11277,NA,1384,NA,NA,5.129,5.391
116712,Primary Health Care Centre Otabula,2013,ogbia,94523-4817,4.729,6.299,NA,NA,NA,NA,NA,NA,NA,NA,bayelsa,1233,by,ogbia,116712,NA,NA,NA,1233,NA,NA,4.729,6.299
116846,Primary Health Care Centre Ewoi,2013,ogbia,90077-1519,4.762,6.291,100,NA,NA,59,59,59,39,27900,bayelsa,250,by,ogbia,116846,39,27900,0,250,59,100,4.762,6.291
117104,PHCC,2013,olamaboro,91773-3298,7.282,7.686,139,43,39,75,74,76,74,12500,kogi,481,ko,olamaboro,117104,74,12500,0,481,75,139,7.282,7.686
117140,Model PHCC,2013,olamaboro,91750-4401,7.199,7.526,6989,567,31,39,37,40,23,35000,kogi,7190,ko,olamaboro,117140,23,35000,0,7190,39,6989,7.199,7.526
117168,PHC,2013,olamaboro,92651,7.112,7.572,490,NA,NA,43,45,43,32,26500,kogi,462,ko,olamaboro,117168,32,26500,0,462,43,490,7.112,7.572
117520,PHC,2013,olamaboro,94545-2800,7.075,7.518,NA,NA,NA,NA,NA,NA,NA,NA,kogi,446,ko,olamaboro,117520,NA,NA,NA,446,NA,NA,7.075,7.518
117557,PHC,2013,olamaboro,94612-2801,7.139,7.450,NA,NA,NA,NA,NA,NA,NA,10105,kogi,282,ko,olamaboro,117557,NA,10105,NA,282,NA,NA,7.139,7.450
117575,PHC,2013,olamaboro,92019-1108,7.226,7.427,NA,NA,NA,NA,NA,NA,NA,13692,kogi,180,ko,olamaboro,117575,NA,13692,NA,180,NA,NA,7.226,7.427
117627,PHC,2013,olamaboro,92515-8247,7.226,7.447,3479,413,29,47,45,48,29,29103,kogi,2205,ko,olamaboro,117627,29,29103,0,2205,47,3479,7.226,7.447
117636,PHC,2013,olamaboro,92350,7.174,7.485,NA,NA,NA,NA,NA,NA,NA,NA,kogi,4553,ko,olamaboro,117636,NA,NA,NA,4553,NA,NA,7.174,7.485
117672,Zenith Hospital,2013,,90604,5.540,7.497,NA,NA,NA,NA,NA,NA,NA,NA,Abia,956,Ab,,117672,NA,NA,NA,956,NA,NA,5.540,7.497
117751,Phc ogbagi,2013,nasarawa,91321-1200,8.669,8.477,849,165,35,61,63,60,40,28800,nasarawa,1693,na,nasarawa,117751,40,28800,0,1693,61,849,8.669,8.477
117946,Rumuji primary health centre,2013,emuoha,90045-2659,4.948,6.777,11472,1058,44,54,53,55,22,40265,rivers,8449,ri,emuoha,117946,22,40265,0,8449,54,11472,4.948,6.777
118541,Dala clinic&maternity home,2013,maiduguri,90275-6299,11.826,13.127,NA,NA,NA,NA,NA,NA,NA,30579,borno,932,bo,maiduguri,118541,NA,30579,NA,932,NA,NA,11.826,13.127
118693,Naf medical center 79 cg maiduguri,2013,maiduguri,94027-4301,11.841,13.072,4100,109,31,37,40,34,9,37100,borno,723,bo,maiduguri,118693,9,37100,0,723,37,4100,11.841,13.072
118888,M C H Yindiski,2013,potiskum,94613,11.725,11.087,1827,188,36,68,NA,68,17,41494,yobe,1564,yo,potiskum,118888,17,41494,0,1564,68,1827,11.725,11.087
119058,Umuopara PHC,2013,ehime,93940,5.655,7.315,NA,NA,NA,NA,NA,NA,NA,NA,imo,940,im,ehime,119058,NA,NA,NA,940,NA,NA,5.655,7.315
119173,Health Clinic Idi-aOta Road,2013,yewa,90049-1599,6.694,2.970,2316,507,35,74,39,76,32,33852,ogun,2530,og,yewa,119173,32,33852,0,2530,74,2316,6.694,2.970
119605,Juli Comfort Clinic,2013,ilejemeje,92037-1011,7.953,5.237,NA,NA,NA,NA,NA,NA,NA,12096,ekiti,24215,ek,ilejemeje,119605,NA,12096,NA,24215,NA,NA,7.953,5.237
120184,Wardmodelphccentre,2013,khana,94002-1908,4.611,7.405,1922,133,45,87,86,88,10,31126,rivers,1573,ri,khana,120184,10,31126,0,1573,87,1922,4.611,7.405
120254,Model Health Centre,2013,ilejemeje,90041-3392,7.927,5.175,6072,437,46,42,39,44,21,46652,ekiti,2276,ek,ilejemeje,120254,21,46652,0,2276,42,6072,7.927,5.175
120403,Wardmodelphccentre,2013,khana,90045-3505,4.636,7.409,1584,97,16,46,43,48,22,39430,rivers,1245,ri,khana,120403,22,39430,0,1245,46,1584,4.636,7.409
120537,Kaigama Nursing Home &Maternity,2013,potiskum,92831-3199,11.699,11.092,408,62,37,47,56,41,36,26050,yobe,1027,yo,potiskum,120537,36,26050,0,1027,47,408,11.699,11.092
120698,Basic Health Centre,2013,ilejemeje,94304-1337,7.947,5.243,NA,NA,NA,NA,NA,NA,NA,NA,ekiti,837,ek,ilejemeje,120698,NA,NA,NA,837,NA,NA,7.947,5.243
120740,Kikon clinic,2013,,94708-1597,9.476,11.983,NA,NA,NA,NA,NA,NA,NA,NA,Adamawa,85,Ad,,120740,NA,NA,NA,85,NA,NA,9.476,11.983
120768,Green villiage clinic,2013,,91103,9.453,12.036,NA,NA,NA,NA,NA,NA,NA,NA,Adamawa,971,Ad,,120768,NA,NA,NA,971,NA,NA,9.453,12.036
120795,Gangara dispensary,2013,sabon,94709,13.347,6.542,NA,NA,NA,NA,NA,NA,NA,NA,sokoto,134,so,sabon,120795,NA,NA,NA,134,NA,NA,13.347,6.542
120838,Kwapukai health clinic,2013,,90010,9.529,12.009,NA,NA,NA,NA,NA,NA,NA,19340,Adamawa,176,Ad,,120838,NA,19340,NA,176,NA,NA,9.529,12.009
120865,Zagun clinic,2013,,94508-9707,9.502,11.986,2103,263,30,51,52,50,31,27480,Adamawa,1484,Ad,,120865,31,27480,0,1484,51,2103,9.502,11.986
120883,Imburu health clinic,2013,,95211-0197,9.487,12.017,14222,855,39,73,75,71,9,39810,Adamawa,7495,Ad,,120883,9,39810,0,7495,73,14222,9.487,12.017
121150,PHC Ozuoba,2013,obio,90263,4.871,6.929,9721,592,0,37,43,34,22,44902,rivers,7404,ri,obio,121150,22,44902,0,7404,37,9721,4.871,6.929
121257,Model Health Centre,2013,ilejemeje,91711-6101,7.942,5.257,4115,NA,NA,15,18,13,44,45018,ekiti,1037,ek,ilejemeje,121257,44,45018,0,1037,15,4115,7.942,5.257
121309,PHC LOLO,2013,bagudo,92106-2899,11.639,3.617,3138,556,48,67,75,63,31,30356,kebbi,3189,ke,bagudo,121309,31,30356,0,3189,67,3138,11.639,3.617
121345,PHC matsinkai,2013,bagudo,91711-6319,11.433,4.379,7153,311,51,14,17,12,40,43580,kebbi,1590,ke,bagudo,121345,40,43580,1,1590,14,7153,11.433,4.379
121628,Family health clinic,2013,,90407-2138,5.126,7.355,NA,NA,NA,NA,NA,NA,NA,NA,Abia,52,Ab,,121628,NA,NA,NA,52,NA,NA,5.126,7.355
121691,Basic Health Centre,2013,ilejemeje,92373-0999,7.912,5.250,4668,472,37,67,66,68,21,41290,ekiti,4854,ek,ilejemeje,121691,21,41290,0,4854,67,4668,7.912,5.250
122117,General Hospital,2013,ilejemeje,90020-1704,7.955,5.229,NA,NA,NA,NA,NA,NA,NA,NA,ekiti,359,ek,ilejemeje,122117,NA,NA,NA,359,NA,NA,7.955,5.229
122296,St. Vincent Hospital,2013,obio,94609,4.821,6.956,NA,NA,NA,NA,NA,NA,NA,NA,rivers,1852,ri,obio,122296,NA,NA,NA,1852,NA,NA,4.821,6.956
122409,Agic Staff Clinic,2013,obio,92182,4.801,6.975,51163,3879,42,31,29,33,24,6766,rivers,27516,ri,obio,122409,24,6766,0,27516,31,51163,4.801,6.975
122436,St. Jecinta PHC Ihyalev-Utange,2013,ushongo,92110-2492,7.038,9.285,14693,903,53,49,46,51,17,41392,benue,8528,be,ushongo,122436,17,41392,0,8528,49,14693,7.038,9.285
122454,Government Maternity/Health Centre,2013,orlu,94133-2299,5.800,7.034,416,32,11,83,77,85,21,38406,imo,654,im,orlu,122454,21,38406,0,654,83,416,5.800,7.034
122506,St Charles Hospital Poperi Amasiri,2013,afikpo,94102-6011,5.904,7.884,296,NA,NA,40,41,39,28,39580,ebonyi,421,eb,afikpo,122506,28,39580,0,421,40,296,5.904,7.884
122597,PHC LeÃ¢Â€Â˜et,2013,qua,94132,9.092,9.261,31462,3520,23,64,61,66,19,6450,plateau,24645,pl,qua,122597,19,6450,0,24645,64,31462,9.092,9.261
122603,Steps of faith hospital,2013,owerri,94960-0000,5.480,7.034,NA,NA,NA,NA,NA,NA,NA,NA,imo,107,im,owerri,122603,NA,NA,NA,107,NA,NA,5.480,7.034
122612,Ndukwe,2013,afikpo,94117-1080,5.923,7.878,14808,865,43,61,61,61,13,40294,ebonyi,9784,eb,afikpo,122612,13,40294,0,9784,61,14808,5.923,7.878
122649,Akanto Health Post,2013,afikpo,93612-1312,5.935,7.821,NA,NA,NA,NA,NA,NA,NA,NA,ebonyi,171,eb,afikpo,122649,NA,NA,NA,171,NA,NA,5.935,7.821
122728,Chisom Hospital Umuna Orlu,2013,orlu,95765-3707,5.788,7.035,482,148,37,69,69,69,47,24040,imo,1043,im,orlu,122728,47,24040,0,1043,69,482,5.788,7.035
122755,Amasiri Health Centre,2013,afikpo,95192-0001,5.911,7.883,25155,3177,24,63,62,65,21,7343,ebonyi,23357,eb,afikpo,122755,21,7343,0,23357,63,25155,5.911,7.883
122931,Angel Gabriel Hospital,2013,orlu,95053,5.794,7.035,14339,1014,48,51,51,51,17,42156,imo,10961,im,orlu,122931,17,42156,0,10961,51,14339,5.794,7.035
123095,PHC kalial,2013,bagudo,94111-1920,11.488,4.103,NA,NA,NA,NA,NA,NA,NA,NA,kebbi,557,ke,bagudo,123095,NA,NA,NA,557,NA,NA,11.488,4.103
123165,Omode maternity centre,2013,ilorin,91711-3905,8.447,4.746,2378,198,43,36,NA,36,32,45564,kwara,975,kw,ilorin,123165,32,45564,0,975,36,2378,8.447,4.746
123280,Watsilla LEEMP maternity,2013,,96002,10.527,13.327,11,NA,NA,100,100,100,64,10360,Adamawa,50,Ad,,123280,64,10360,0,50,100,11,10.527,13.327
123448,Manji memorial Dispensary,2013,,92705,10.577,13.337,NA,NA,NA,NA,NA,NA,NA,NA,Adamawa,249,Ad,,123448,NA,NA,NA,249,NA,NA,10.577,13.337
123457,PHC zagga,2013,bagudo,96003-8606,11.564,4.121,573,128,33,55,51,57,47,23300,kebbi,1180,ke,bagudo,123457,47,23300,0,1180,55,573,11.564,4.121
123554,Lani,2013,bagudo,94575,11.525,4.259,4864,499,43,69,72,68,18,39890,kebbi,4024,ke,bagudo,123554,18,39890,0,4024,69,4864,11.525,4.259
123572,Bagudo general Hospital,2013,bagudo,94928-3609,11.414,4.238,13142,1619,38,82,79,84,16,7234,kebbi,7796,ke,bagudo,123572,16,7234,0,7796,82,13142,11.414,4.238
123633,Area L Health centre,2013,owerri,92801-1701,5.488,7.006,NA,NA,NA,NA,NA,NA,NA,NA,imo,857,im,owerri,123633,NA,NA,NA,857,NA,NA,5.488,7.006
123651,Isolore Clinic Centre,2013,ilorin,92626,8.470,4.718,1495,342,29,70,66,71,37,29250,kwara,2104,kw,ilorin,123651,37,29250,0,2104,70,1495,8.470,4.718
123916,Primary Health Care,2013,ona,94709-1209,7.372,3.948,NA,NA,NA,NA,NA,NA,NA,NA,oyo,67,oy,ona,123916,NA,NA,NA,67,NA,NA,7.372,3.948
123943,Federal Medical Centre,2013,ehime,92831-1699,5.662,7.236,NA,NA,NA,NA,NA,NA,NA,NA,imo,407,im,ehime,123943,NA,NA,NA,407,NA,NA,5.662,7.236
123952,Mater Dei Maternity,2013,ehime,90013-1822,5.714,7.316,180,28,13,87,84,89,21,37300,imo,486,im,ehime,123952,21,37300,0,486,87,180,5.714,7.316
123961,Asiyanbi Memorial Clinic and Maternity Center,2013,ona,90089,7.367,3.954,47358,2320,41,20,20,20,31,46298,oyo,35913,oy,ona,123961,31,46298,0,35913,20,47358,7.367,3.954
123970,Ibuks Clinics and Maternity Clinic,2013,ona,90010-1106,7.364,3.947,NA,NA,NA,NA,NA,NA,NA,NA,oyo,1047,oy,ona,123970,NA,NA,NA,1047,NA,NA,7.364,3.947
124283,Ajao Memorial Specialist Hospital,2013,ona,91711-3199,7.359,3.933,NA,NA,NA,NA,NA,NA,NA,NA,oyo,217,oy,ona,124283,NA,NA,NA,217,NA,NA,7.359,3.933
124292,Primary Health Care center,2013,ona,93060,7.226,4.026,178,74,31,79,79,80,62,24500,oyo,444,oy,ona,124292,62,24500,0,444,79,178,7.226,4.026
124487,Comprehensive health centre Area M,2013,owerri,95841,5.483,7.001,100,NA,NA,79,74,83,25,9690,imo,199,im,owerri,124487,25,9690,0,199,79,100,5.483,7.001
125718,Ptototype clinic Balogun Fulani ward 2,2013,ilorin,92027,8.495,4.557,NA,NA,NA,NA,NA,NA,NA,NA,kwara,148,kw,ilorin,125718,NA,NA,NA,148,NA,NA,8.495,4.557
125727,"St JosephÃ¢Â€Â˜s Hospital, Ibeku-Opi",2013,nsukka,93108-1089,6.783,7.433,2145,234,50,70,71,70,20,38510,enugu,1416,en,nsukka,125727,20,38510,0,1416,70,2145,6.783,7.433
125763,Faith health clinic Atoga,2013,ushongo,90601,7.208,9.011,4381,380,34,63,60,65,16,40296,benue,2308,be,ushongo,125763,16,40296,0,2308,63,4381,7.208,9.011
125897,Gods grace clinic/maternity msa,2013,ushongo,91510-7846,7.228,9.006,879,81,23,56,73,43,23,33150,benue,1729,be,ushongo,125897,23,33150,0,1729,56,879,7.228,9.006
126012,Mbaachi health clinic,2013,ushongo,94704-1796,7.108,8.951,NA,NA,NA,NA,NA,NA,NA,NA,benue,438,be,ushongo,126012,NA,NA,NA,438,NA,NA,7.108,8.951
126049,Fikayel Primary Health Centre,2013,bayo,92101,10.544,11.621,NA,NA,NA,NA,NA,NA,NA,NA,borno,920,bo,bayo,126049,NA,NA,NA,920,NA,NA,10.544,11.621
126076,Maternity/Dispensary,2013,edu,90046,8.793,5.210,48,NA,NA,100,100,NA,100,13300,kwara,192,kw,edu,126076,100,13300,0,192,100,48,8.793,5.210
126182,Health Post,2013,edu,81101,8.833,5.276,2658,85,90,53,51,54,36,7449,kwara,2805,kw,edu,126182,36,7449,0,2805,53,2658,8.833,5.276
126562,Ogo Oluwa Hospital Bachita,2013,edu,80217-3364,9.062,4.960,3075,180,86,76,69,82,40,7933,kwara,17002,kw,edu,126562,40,7933,0,17002,76,3075,9.062,4.960
126580,Maternity,2013,edu,80918,9.067,4.956,7034,326,90,91,90,92,24,7024,kwara,8710,kw,edu,126580,24,7024,0,8710,91,7034,9.067,4.956
126614,Phc ubbe,2013,nasarawa,80309-0017,8.885,8.420,22473,2607,75,88,86,90,29,10347,nasarawa,28861,na,nasarawa,126614,29,10347,0,28861,88,22473,8.885,8.420
126669,MDGs PHC Dioka,2013,ehime,80226,5.711,7.314,1186,NA,NA,98,98,97,27,25046,imo,2959,im,ehime,126669,27,25046,0,2959,98,1186,5.711,7.314
126678,PHC Gwako,2013,gwagwalada,80903,8.963,7.138,5780,255,47,22,21,24,41,44222,fct,2066,fc,gwagwalada,126678,41,44222,0,2066,22,5780,8.963,7.138
126711,PHC Dobi,2013,gwagwalada,81601-0233,9.066,6.993,NA,NA,NA,NA,NA,NA,NA,1524,fct,3463,fc,gwagwalada,126711,NA,1524,NA,3463,NA,NA,9.066,6.993
126775,Ikpapiam Health Clinic,2013,ushongo,80401,7.032,9.179,11682,385,88,37,35,43,22,16485,benue,5507,be,ushongo,126775,22,16485,0,5507,37,11682,7.032,9.179
126818,Lakeland Clinic & Maternity Nike Road Abakpa,2013,enugu,80523-0100,6.490,7.516,17970,1164,92,77,73,81,32,9313,enugu,24913,en,enugu,126818,32,9313,0,24913,77,17970,6.490,7.516
126872,FSP Clinic,2013,monguno,80222,12.667,13.618,NA,NA,NA,NA,NA,NA,NA,17211,borno,913,bo,monguno,126872,NA,17211,NA,913,NA,NA,12.667,13.618
126979,Mofio Dispensary,2013,monguno,80120,12.305,13.419,NA,NA,NA,NA,NA,NA,NA,NA,borno,636,bo,monguno,126979,NA,NA,NA,636,NA,NA,12.305,13.419
127060,Primary Health Care Center fawole ,2013,ona,80208,7.374,3.967,13735,620,70,77,73,80,13,40707,oyo,10520,oy,ona,127060,13,40707,0,10520,77,13735,7.374,3.967
127185,Unique Consultants Hospital,2013,ado,81301-3999,7.636,5.218,2560,203,87,88,88,87,39,6923,ekiti,3631,ek,ado,127185,39,6923,0,3631,88,2560,7.636,5.218
127273,Basic health centre Aho,2013,oyun,80210-4798,8.095,4.541,NA,NA,NA,NA,NA,NA,NA,NA,kwara,255,kw,oyun,127273,NA,NA,NA,255,NA,NA,8.095,4.541
127556,Basic Health Centre Ira,2013,oyun,81501-3122,8.086,4.597,6459,266,87,82,81,83,39,6725,kwara,7716,kw,oyun,127556,39,6725,0,7716,82,6459,8.086,4.597
127565,Model Primary Health Centre Igbotele,2013,oyun,80217-3362,8.248,4.586,5867,63,86,71,71,71,36,5744,kwara,17179,kw,oyun,127565,36,5744,0,17179,71,5867,8.248,4.586
127653,Basic Health Clinic Ikotun,2013,oyun,80302-6697,8.229,4.618,79,NA,NA,80,81,79,60,28790,kwara,859,kw,oyun,127653,60,28790,0,859,80,79,8.229,4.618
127714,Health Office,2013,,80910-3704,5.115,7.374,NA,NA,NA,NA,NA,NA,NA,10800,Abia,394,Ab,,127714,NA,10800,NA,394,NA,NA,5.115,7.374
127741,Sabonlayi Awak PHC,2013,kaltungo,80639,10.262,11.114,7602,259,91,70,65,72,36,6968,gombe,11469,go,kaltungo,127741,36,6968,0,11469,70,7602,10.262,11.114
127918,Farum Maternity clinic,2013,kaltungo,80221-1099,9.940,11.327,3006,154,67,70,68,71,24,32424,gombe,8065,go,kaltungo,127918,24,32424,0,8065,70,3006,9.940,11.327
127954,Akpabu health centre,2013,emuoha,80301,5.141,6.707,4,NA,NA,100,NA,100,75,NA,rivers,73,ri,emuoha,127954,75,NA,0,73,100,4,5.141,6.707
128106,Primary health centre Ubimini,2013,emuoha,81001-4901,5.270,6.738,3147,114,89,94,93,96,29,7327,rivers,5993,ri,emuoha,128106,29,7327,0,5993,94,3147,5.270,6.738
128328,Comprehensive Health Centre Ojoku,2013,oyun,80840-5002,8.256,4.655,9634,539,53,15,15,16,78,NA,kwara,5088,kw,oyun,128328,78,NA,0,5088,15,9634,8.256,4.655
128391,Lakesin Clinic And Maternity Home,2013,ifo,81231,6.818,3.192,1514,110,86,93,91,95,33,7343,ogun,2023,og,ifo,128391,33,7343,0,2023,93,1514,6.818,3.192
128498,Victory Clinic,2013,ifo,06511-1189,6.825,3.191,689,123,0,68,64,72,28,28378,ogun,1813,og,ifo,128498,28,28378,0,1813,68,689,6.825,3.191
128744,Sifon Clinic Ltd,2013,ibom,06604-5620,5.034,7.937,5248,494,9,64,59,67,16,29090,Akwa_ibom,3979,Ak,ibom,128744,16,29090,0,3979,64,5248,5.034,7.937
128771,Potwana model center,2013,kaltungo,6050,9.957,11.344,5551,1254,3,64,67,62,36,8706,gombe,9989,go,kaltungo,128771,36,8706,0,9989,64,5551,9.957,11.344
128780,Ajibola medical centre,2013,oyun,6053,8.179,4.736,NA,NA,NA,NA,NA,NA,NA,NA,kwara,917,kw,oyun,128780,NA,NA,NA,917,NA,NA,8.179,4.736
128902,PHC Karshi,2013,karu,06320-4196,8.893,7.659,4837,NA,NA,36,33,38,29,46085,nasarawa,2068,na,karu,128902,29,46085,0,2068,36,4837,8.893,7.659
129020,Chinwedu Hospital/Maternity Abakpa,2013,enugu,6269,6.480,7.520,27479,3395,27,54,53,54,25,12022,enugu,23517,en,enugu,129020,25,12022,0,23517,54,27479,6.480,7.520
129154,National Orthopedic Hospital Abakaliki Road Enugu,2013,enugu,6118,6.465,7.528,NA,NA,NA,NA,NA,NA,NA,19400,enugu,3017,en,enugu,129154,NA,19400,NA,3017,NA,NA,6.465,7.528
129215,Balsam Clinic,2013,enugu,6226,6.477,7.490,5112,926,13,65,64,65,29,9376,enugu,4985,en,enugu,129215,29,9376,0,4985,65,5112,6.477,7.490
129242,Magami PHC,2013,shiroro,06824-5195,9.611,6.518,9254,NA,NA,71,69,73,15,42920,niger,4694,ni,shiroro,129242,15,42920,0,4694,71,9254,9.611,6.518
129428,Beam Clinic,2013,karu,6120,9.054,7.610,NA,NA,NA,NA,NA,NA,NA,NA,nasarawa,140,na,karu,129428,NA,NA,NA,140,NA,NA,9.054,7.610
129491,Nike Hospital Medical Centre Ugbene 1 Abakpa,2013,enugu,06105-2260,6.485,7.515,NA,NA,NA,NA,NA,NA,NA,NA,enugu,73,en,enugu,129491,NA,NA,NA,73,NA,NA,6.485,7.515
129525,Lakidir Health center,2013,kaltungo,06117-1599,9.935,11.293,15127,940,15,62,63,61,14,33358,gombe,6581,go,kaltungo,129525,14,33358,0,6581,62,15127,9.935,11.293
129534,Federal School of Dental Technology & Theraphy Dental Clinic Trans Ekulu,2013,enugu,06416-2005,6.486,7.495,NA,NA,NA,NA,NA,NA,NA,10470,enugu,333,en,enugu,129534,NA,10470,NA,333,NA,NA,6.486,7.495
129686,Ndubuisi Hospital & Maternity Ugbene Abakpa,2013,enugu,6371,6.483,7.512,82,NA,NA,85,67,100,31,29616,enugu,64,en,enugu,129686,31,29616,0,64,85,82,6.483,7.512
129774,PHC Kugwaru,2013,karu,6320,9.171,7.681,1162,NA,NA,58,62,53,26,29458,nasarawa,813,na,karu,129774,26,29458,0,813,58,1162,9.171,7.681
129941,Wili Health center,2013,kaltungo,6516,9.911,11.263,10169,1052,24,74,97,57,15,33740,gombe,6205,go,kaltungo,129941,15,33740,0,6205,74,10169,9.911,11.263
130226,Ture mai pri health center,2013,kaltungo,6518,9.824,11.378,20699,1615,29,67,64,69,13,39330,gombe,8553,go,kaltungo,130226,13,39330,0,8553,67,20699,9.824,11.378
130253,Ngbede Clinic & Maternity Adoka,2013,oturkpo,06825-1000,7.461,7.969,7781,NA,NA,76,75,77,15,35050,benue,5945,be,oturkpo,130253,15,35050,0,5945,76,7781,7.461,7.969
130314,Primary Healthcare Centre Abache,2013,oturkpo,6117,7.446,7.984,860,145,17,86,NA,86,21,33417,benue,1943,be,oturkpo,130314,21,33417,0,1943,86,860,7.446,7.984
130448,Livia Shammah Hospital,2013,karu,06606-4201,9.026,7.604,60,NA,NA,72,80,69,16,19650,nasarawa,530,na,karu,130448,16,19650,0,530,72,60,9.026,7.604
130493,Mararaba Medical Centre,2013,karu,06515-1355,9.026,7.612,4870,1345,8,75,70,78,37,9020,nasarawa,8708,na,karu,130493,37,9020,0,8708,75,4870,9.026,7.612
130590,Marina Clinic,2013,karu,06106-3100,8.991,7.676,7652,288,30,32,33,31,25,47510,nasarawa,2356,na,karu,130590,25,47510,0,2356,32,7652,8.991,7.676
130624,Ettal Primary Health Centre,2013,karu,06320-4195,9.006,7.670,1992,194,60,16,14,28,71,NA,nasarawa,1102,na,karu,130624,71,NA,0,1102,16,1992,9.006,7.670
130697,Lafiya Clinic,2013,karu,6459,9.014,7.621,10046,602,41,21,23,20,36,47244,nasarawa,3310,na,karu,130697,36,47244,0,3310,21,10046,9.014,7.621
130776,Primary Health Center Masaka,2013,karu,06810-6826,9.006,7.670,3613,NA,NA,65,62,68,33,8893,nasarawa,5389,na,karu,130776,33,8893,0,5389,65,3613,9.006,7.670
130785,Niger Hospital Lokoja,2013,lokoja,6510,7.795,6.738,NA,NA,NA,NA,NA,NA,NA,NA,kogi,12,ko,lokoja,130785,NA,NA,NA,12,NA,NA,7.795,6.738
130794,PHCC Angwan Kura,2013,lokoja,6520,7.819,6.745,28977,1141,35,7,8,6,66,44000,kogi,13550,ko,lokoja,130794,66,44000,1,13550,7,28977,7.819,6.745
130934,PHCC Kabawa,2013,lokoja,19901,7.822,6.747,8884,989,12,42,38,44,27,7336,kogi,4087,ko,lokoja,130934,27,7336,0,4087,42,8884,7.822,6.747
130943,Helping Hand hospital Lokoja,2013,lokoja,19716,7.804,6.694,25458,4167,27,65,61,68,26,12112,kogi,20927,ko,lokoja,130943,26,12112,0,20927,65,25458,7.804,6.694
130989,Grace Hospital Lokoja,2013,lokoja,19808,7.791,6.727,562,NA,NA,52,53,52,31,22140,kogi,1240,ko,lokoja,130989,31,22140,0,1240,52,562,7.791,6.727
131098,Farec clinic gra lokoja,2013,lokoja,19901-3875,7.803,6.731,2933,496,9,62,63,62,30,23590,kogi,1391,ko,lokoja,131098,30,23590,0,1391,62,2933,7.803,6.731
131113,General Hospital.,2013,edu,19720,8.850,5.409,NA,NA,NA,NA,NA,NA,NA,9950,kwara,10072,kw,edu,131113,NA,9950,NA,10072,NA,NA,8.850,5.409
131159,Health Post,2013,edu,20016-8001,8.869,5.212,17545,1084,35,43,38,46,21,40649,kwara,11639,kw,edu,131159,21,40649,0,11639,43,17545,8.869,5.212
131283,Cottage Hospital. Tsaragi,2013,edu,20064,8.837,4.991,6298,734,29,60,62,58,22,38526,kwara,5954,kw,edu,131283,22,38526,0,5954,60,6298,8.837,4.991
131308,Dispensary,2013,edu,20006-4804,8.860,5.002,472,NA,NA,27,22,29,29,31130,kwara,497,kw,edu,131308,29,31130,0,497,27,472,8.860,5.002
131399,Dispensary,2013,edu,20008,8.907,4.986,NA,NA,NA,NA,NA,NA,NA,5138,kwara,3675,kw,edu,131399,NA,5138,NA,3675,NA,NA,8.907,4.986
131405,Central Hospital,2013,warri,20017-1585,5.518,5.734,NA,NA,NA,NA,NA,NA,NA,NA,delta,109,de,warri,131405,NA,NA,NA,109,NA,NA,5.518,5.734
131450,Dispensary,2013,edu,20002-3695,9.068,4.956,520,24,95,66,60,71,59,13800,kwara,1504,kw,edu,131450,59,13800,0,1504,66,520,9.068,4.956
131469,Lara Hospital,2013,osogbo,20052,7.770,4.569,21756,1785,37,33,36,31,33,47343,osun,21733,os,osogbo,131469,33,47343,0,21733,33,21756,7.770,4.569
131496,"Dispensary,   Pututa",2013,edu,20057-0001,8.929,5.396,20115,1367,35,17,19,16,46,44805,kwara,15374,kw,edu,131496,46,44805,0,15374,17,20115,8.929,5.396
131520,Osupa Primary Health Centre,2013,ogbomoso,20059-0001,8.133,4.237,11687,1061,48,49,49,50,24,22683,oyo,9278,oy,ogbomoso,131520,24,22683,0,9278,49,11687,8.133,4.237
131876,Dalangasi HP,2013,gwarzo,20017-1094,11.820,7.951,1493,NA,NA,52,26,53,34,21630,kano,1980,ka,gwarzo,131876,34,21630,0,1980,52,1493,11.820,7.951
131973,Akerele Phc,2013,surulere,20016-5690,6.506,3.355,NA,NA,NA,NA,NA,NA,NA,NA,lagos,556,la,surulere,131973,NA,NA,NA,556,NA,NA,6.506,3.355
132408,Sabon layi PHC,2013,gwarzo,32440,11.826,7.934,148,8,79,43,38,48,68,9700,kano,437,ka,gwarzo,132408,68,9700,0,437,43,148,11.826,7.934
132471,Kara Dispencery,2013,gwarzo,33161-6695,11.843,7.959,7845,442,40,47,46,48,16,28160,kano,8563,ka,gwarzo,132471,16,28160,0,8563,47,7845,11.843,7.959
132602,"Opeyemi Clinic, Aaisegba- Ekiti",2013,gbonyin,32114-3099,7.599,5.484,7429,600,64,67,64,68,21,14410,ekiti,3733,ek,gbonyin,132602,21,14410,0,3733,67,7429,7.599,5.484
132657,Alheri Diagonistic Hospital,2013,gwarzo,33431-5598,11.912,7.933,2697,318,32,78,76,79,21,33600,kano,2151,ka,gwarzo,132657,21,33600,0,2151,78,2697,11.912,7.933
132693,Primary Health care Clinic jankawa,2013,karu,32922,9.017,7.691,NA,NA,NA,NA,NA,NA,NA,2496,nasarawa,12053,na,karu,132693,NA,2496,NA,12053,NA,NA,9.017,7.691
132709,Divine citadel hospital,2013,ado,33301,7.600,5.222,NA,NA,NA,NA,NA,NA,NA,2542,ekiti,30322,ek,ado,132709,NA,2542,NA,30322,NA,NA,7.600,5.222
132842,Genial specialis clinic,2013,ado,33172-2209,7.587,5.218,58,NA,NA,36,43,34,43,12048,ekiti,887,ek,ado,132842,43,12048,0,887,36,58,7.587,5.218
132851,Olatorera,2013,ogbomoso,34474,8.146,4.232,NA,NA,NA,NA,NA,NA,NA,2522,oyo,6103,oy,ogbomoso,132851,NA,2522,NA,6103,NA,NA,8.146,4.232
132879,Primary Health centre urugbam,2013,river,34744,5.734,7.927,477,54,46,42,49,35,40,12470,cross_river,370,cr,river,132879,40,12470,0,370,42,477,5.734,7.927
132903,PHC ABINI,2013,river,32816,5.688,8.066,31820,3899,36,49,50,48,37,6317,cross_river,51734,cr,river,132903,37,6317,0,51734,49,31820,5.688,8.066
133021,Health centre,2013,river,32446-2053,5.500,8.160,NA,NA,NA,NA,NA,NA,NA,3120,cross_river,1609,cr,river,133021,NA,3120,NA,1609,NA,NA,5.500,8.160
133085,Health centre ehom village,2013,river,33759-4595,5.507,8.109,468,66,67,70,71,69,38,17125,cross_river,505,cr,river,133085,38,17125,0,505,70,468,5.507,8.109
133386,Abegan Herbal,2013,ogbomoso,32114,8.141,4.247,NA,NA,NA,NA,NA,NA,NA,3321,oyo,11389,oy,ogbomoso,133386,NA,3321,NA,11389,NA,NA,8.141,4.247
133492,Abundant Life Clinic,2013,ado,33711-4700,7.608,5.205,3912,381,49,71,66,74,19,37362,ekiti,2437,ek,ado,133492,19,37362,0,2437,71,3912,7.608,5.205
133508,Honest eye clinic,2013,enugu,33919-0000,6.430,7.494,NA,NA,NA,NA,NA,NA,NA,3281,enugu,10649,en,enugu,133508,NA,3281,NA,10649,NA,NA,6.430,7.494
133526,PHC Ikot okpora,2013,river,32209,5.410,8.066,1907,50,69,27,30,25,40,11525,cross_river,897,cr,river,133526,40,11525,0,897,27,1907,5.410,8.066
133553,Phc akparavuni,2013,river,32114-3900,5.557,8.112,4074,717,49,74,73,77,31,31334,cross_river,4932,cr,river,133553,31,31334,0,4932,74,4074,5.557,8.112
133650,EKO HOSPITAL,2013,surulere,32307,6.505,3.354,5029,306,73,45,39,49,50,5785,lagos,11729,la,surulere,133650,50,5785,0,11729,45,5029,6.505,3.354
133669,Health centre Obeagu,2013,enugu,33431-0991,6.372,7.537,24889,2158,38,48,46,49,28,4790,enugu,24653,en,enugu,133669,28,4790,0,24653,48,24889,6.372,7.537
133702,Salvation Hospital and Maternity,2013,orlu,32202,5.783,6.984,NA,NA,NA,NA,NA,NA,NA,2830,imo,21810,im,orlu,133702,NA,2830,NA,21810,NA,NA,5.783,6.984
